<?xml version="1.0" encoding="UTF-8"?>
<project-private xmlns="http://www.netbeans.org/ns/project-private/1">
    <editor-bookmarks xmlns="http://www.netbeans.org/ns/editor-bookmarks/2" lastBookmarkId="0"/>
    <open-files xmlns="http://www.netbeans.org/ns/projectui-open-files/2">
        <group>
            <file>file:/Users/emcghee/NetBeansProjects/CloudApp/LocalGoodwillOnline/web/publicItem/Create.xhtml</file>
            <file>file:/Users/emcghee/NetBeansProjects/CloudApp/LocalGoodwillOnline/src/java/com/mycompany/managers/Constants.java</file>
            <file>file:/Users/emcghee/NetBeansProjects/CloudApp/LocalGoodwillOnline/web/WEB-INF/glassfish-web.xml</file>
        </group>
    </open-files>
</project-private>
