<?xml version="1.0" encoding="UTF-8"?>
<!--
Created by Jordan Kuhn, Scott McGhee, Shuvo Rahman, Mason Shuler, Matt Tuckman
Copyright © 2018 Jordan Kuhn, Scott McGhee, Shuvo Rahman, Mason Shuler, Matt Tuckman. All rights reserved.
-->
<!DOCTYPE glassfish-web-app PUBLIC "-//GlassFish.org//DTD GlassFish Application Server 3.1 Servlet 3.0//EN" "http://glassfish.org/dtds/glassfish-web-app_3_0-1.dtd">
<glassfish-web-app error-url="">
  <class-loader delegate="true"/>
  <!--
    If you include the keepgenerated property when you deploy the WAR file, the generated source
    is kept in domain-dir/generated/jsp/app-name/module-name for an application, or
    domain-dir/generated/jsp/module-name for an individually-deployed web module.
  -->
  <jsp-config>
    <property name="keepgenerated" value="true">
      <description>Keep a copy of the generated servlet class' java code.</description>
    </property>
  </jsp-config>
  <!--
    "alternatedocroot_n Specifies an alternate document root (docroot), where n is a positive integer
    that allows specification of more than one. Alternate docroots allow web applications to serve
    requests for certain resources from outside their own docroot"
    See page C-46 in [https://glassfish.java.net/docs/4.0/application-deployment-guide.pdf]
  -->
  <property name="alternatedocroot_1" value="from=/Team2-FileStorage/* dir=/Users/Balci" />
</glassfish-web-app>